,loss,mae
adam,34.06875707588944,3.873549699783325
sgd,,
adagrad,,
