,loss,mae
adam,14.092199643452963,2.8381853103637695
SGD,,
adagrad,,
,loss,mae
adam,12.933767861010981,2.893939971923828
SGD,,
Adagrad,,
