,loss,mae
adam,11.03697509391635,2.6336705684661865
sgd,,
adagrad,,
