,loss,mae
adam,11.829792808083926,2.641648769378662
sgd,,
adagrad,,
