,loss,mae
adam,15.95187484516817,2.923506736755371
sgd,,
adagrad,,
