,loss,mae
adam,38.64896260990816,4.025668144226074
sgd,,
adagrad,,
