,loss,mae
adam,36.56696444866704,4.338645935058594
sgd,,
adagrad,,
