,loss,mae
adam,10.108322517544616,2.553651809692383
sgd,,
adagrad,,
