,loss,accuracy
adam,0.05252370949101373,0.9824561476707458
sgd,0.10432132153698803,0.9824561476707458
adagrad,0.11615991196339835,0.9824561476707458
