,loss,accuracy
adam,0.33730790032106533,0.859649121761322
sgd,0.6405670161832843,0.640350878238678
adagrad,0.6406349581584596,0.640350878238678
