,loss,accuracy
adam,0.043732598603686744,0.9824561476707458
sgd,16.151244631984778,0.5
adagrad,20.553233832643745,0.5
