,loss,accuracy
adam,0.2583982886975272,0.9298245906829834
sgd,0.6083611333579347,0.719298243522644
adagrad,0.6086243652460868,0.719298243522644
