,loss,accuracy
adam,0.12485561798211277,0.9649122953414917
sgd,17.197098179867393,0.5
adagrad,22.059239437705592,0.5
