,loss,accuracy
adam,0.05692603496687585,0.9736841917037964
sgd,0.04296255272224938,0.9736841917037964
adagrad,0.028995288203045595,0.9824561476707458
